popularity,danceability,energy,loudness,tempo,genre,hit
46.0,0.706,0.665,-5.348,89.993,R&B,False
78.0,0.727,0.729,-2.99,117.932,R&B,True
65.0,0.869,0.887,-4.505,129.221,R&B,False
64.0,0.779,0.834,-2.773,100.46,R&B,False
52.0,0.839,0.641,-5.669,97.004,R&B,False
1.0,0.84,0.482,-7.116,95.498,R&B,False
71.0,0.513,0.768,-4.868,84.264,R&B,False
71.0,0.407,0.558,-13.609,71.815,R&B,False
63.0,0.705,0.806,-3.607,103.383,R&B,False
76.0,0.403,0.422,-13.964,122.728,R&B,True
76.0,0.602,0.707,-4.097,75.087,R&B,True
67.0,0.564,0.745,-7.733,170.661,R&B,False
56.0,0.671,0.701,-5.035,131.977,R&B,False
53.0,0.519,0.874,-5.122,96.072,pop,False
35.0,0.645,0.862,-4.757,119.991,pop,False
0.0,0.894,0.93,-4.577,120.02,pop,False
39.0,0.705,0.783,-5.971,140.022,pop,False
72.0,0.727,0.937,-2.871,132.067,pop,False
78.0,0.399,0.787,-2.88,117.089,pop,True
70.0,0.421,0.791,-4.998,130.075,pop,False
67.0,0.592,0.8,-4.931,89.972,pop,False
68.0,0.668,0.725,-6.127,191.944,pop,False
16.0,0.818,0.579,-4.475,89.987,pop,False
28.0,0.878,0.699,-5.897,104.838,pop,False
21.0,0.629,0.532,-7.88,90.098,pop,False
58.0,0.94,0.743,-5.166,118.988,pop,False
53.0,0.865,0.45,-9.387,99.989,pop,False
52.0,0.801,0.454,-6.035,125.139,pop,False
69.0,0.83,0.857,-4.194,137.982,pop,False
65.0,0.74,0.945,-4.442,130.015,pop,False
63.0,0.721,0.737,-2.734,97.996,pop,False
58.0,0.582,0.707,-4.487,78.375,pop,False
60.0,0.683,0.722,-4.039,95.012,pop,False
57.0,0.564,0.6,-6.814,78.955,pop,False
48.0,0.6,0.736,-6.228,158.108,pop,False
79.0,0.774,0.753,-5.446,119.002,pop,True
73.0,0.725,0.583,-9.942,79.984,pop,False
44.0,0.512,0.525,-6.823,169.951,pop,False
47.0,0.631,0.821,-7.853,118.007,pop,False
42.0,0.817,0.939,-6.079,128.0,pop,False
69.0,0.675,0.828,-5.799,122.229,pop,False
57.0,0.673,0.913,-4.981,124.484,pop,False
52.0,0.742,0.732,-6.046,97.922,pop,False
55.0,0.822,0.847,-6.729,107.908,pop,False
68.0,0.802,0.903,-3.267,128.93,pop,False
60.0,0.624,0.85,-4.754,98.525,pop,False
0.0,0.683,0.886,-5.045,100.04,pop,False
0.0,0.688,0.734,-4.569,140.004,pop,False
0.0,0.709,0.891,-3.688,141.04,pop,False
76.0,0.534,0.87,-3.078,126.019,pop,True
46.0,0.614,0.792,-4.907,91.066,pop,False
60.0,0.563,0.671,-4.788,91.964,pop,False
76.0,0.7,0.709,-5.006,122.019,pop,True
76.0,0.674,0.628,-7.079,103.998,pop,True
71.0,0.457,0.823,-4.76,192.205,pop,False
68.0,0.632,0.702,-5.92,162.958,pop,False
48.0,0.474,0.707,-4.534,83.235,pop,False
68.0,0.383,0.43,-8.644,107.005,pop,False
59.0,0.489,0.955,-2.771,129.352,pop,False
65.0,0.643,0.981,-6.644,140.01,pop,False
46.0,0.656,0.624,-4.623,124.082,pop,False
77.0,0.481,0.638,-5.862,79.064,pop,True
77.0,0.765,0.837,-3.113,122.028,pop,True
65.0,0.614,0.928,-4.806,172.656,pop,False
60.0,0.644,0.874,-4.666,165.09,pop,False
45.0,0.699,0.403,-8.564,113.922,pop,False
50.0,0.745,0.807,-5.191,93.967,pop,False
64.0,0.65,0.786,-5.488,124.96,pop,False
56.0,0.809,0.965,-3.947,130.103,pop,False
77.0,0.545,0.783,-4.261,174.084,pop,True
7.0,0.719,0.704,-4.724,133.002,pop,False
4.0,0.682,0.656,-4.67,130.089,pop,False
69.0,0.801,0.645,-6.93,110.01,pop,False
58.0,0.736,0.802,-8.527,119.854,pop,False
58.0,0.631,0.734,-7.48,124.036,pop,False
53.0,0.699,0.618,-7.338,99.965,pop,False
53.0,0.792,0.797,-5.166,123.993,pop,False
74.0,0.649,0.647,-7.695,125.02,pop,False
61.0,0.589,0.877,-6.229,132.971,pop,False
71.0,0.753,0.931,-4.922,113.029,pop,False
57.0,0.837,0.954,-3.512,127.019,pop,False
77.0,0.509,0.671,-5.709,118.413,pop,True
62.0,0.634,0.677,-7.278,135.012,pop,False
77.0,0.791,0.59,-9.206,119.951,pop,True
0.0,0.733,0.818,-7.222,116.019,pop,False
63.0,0.571,0.953,-5.601,137.965,pop,False
57.0,0.786,0.658,-2.61,170.037,pop,False
65.0,0.532,0.868,-4.23,110.127,pop,False
61.0,0.763,0.72,-5.181,116.01,pop,False
78.0,0.836,0.544,-5.975,97.028,pop,True
79.0,0.794,0.793,-4.521,123.941,pop,True
57.0,0.741,0.869,-6.534,126.069,pop,False
62.0,0.54,0.856,-3.966,153.071,pop,False
59.0,0.583,0.785,-3.991,91.977,pop,False
77.0,0.712,0.862,-4.612,95.051,pop,True
62.0,0.803,0.851,-2.429,113.996,pop,False
67.0,0.703,0.81,-4.874,102.978,pop,False
77.0,0.722,0.761,-4.459,128.044,pop,True
74.0,0.716,0.821,-3.435,92.997,pop,False
82.0,0.743,0.752,-4.813,110.015,pop,True
66.0,0.656,0.674,-5.473,120.001,pop,False
79.0,0.279,0.742,-6.46,189.868,pop,True
0.0,0.737,0.723,-5.51,120.003,pop,False
0.0,0.744,0.783,-7.077,120.042,pop,False
68.0,0.783,0.61,-6.124,100.047,pop,False
0.0,0.697,0.716,-6.288,99.905,pop,False
73.0,0.851,0.541,-6.825,124.959,pop,False
63.0,0.822,0.672,-6.133,117.033,pop,False
60.0,0.585,0.702,-5.734,139.909,pop,False
79.0,0.64,0.743,-4.08,122.035,pop,True
67.0,0.23,0.492,-5.767,160.139,pop,False
73.0,0.338,0.803,-5.412,151.994,pop,False
68.0,0.491,0.593,-5.975,144.142,pop,False
57.0,0.447,0.636,-5.08,105.678,pop,False
1.0,0.129,0.358,-6.596,75.048,pop,False
0.0,0.272,0.203,-9.706,109.581,pop,False
39.0,0.527,0.834,-5.767,179.92,pop,False
64.0,0.761,0.716,-5.8,119.41,pop,False
65.0,0.663,0.746,-3.567,102.847,pop,False
56.0,0.598,0.868,-4.552,99.848,pop,False
1.0,0.738,0.861,-4.141,131.98,pop,False
71.0,0.719,0.671,-6.279,130.027,pop,False
56.0,0.745,0.958,-9.664,129.962,pop,False
77.0,0.851,0.806,-4.62,118.999,pop,True
69.0,0.894,0.678,-5.611,105.024,pop,False
76.0,0.822,0.739,-4.541,118.992,pop,True
70.0,0.762,0.692,-3.973,114.906,pop,False
80.0,0.696,0.921,-3.755,119.001,pop,True
67.0,0.623,0.793,-6.63,98.998,pop,False
69.0,0.824,0.836,-5.903,122.014,pop,False
72.0,0.587,0.828,-5.108,123.907,pop,False
67.0,0.583,0.768,-6.477,127.952,pop,False
82.0,0.572,0.385,-6.362,95.799,pop,True
43.0,0.786,0.614,-6.554,103.887,pop,False
73.0,0.509,0.538,-7.335,75.089,pop,False
80.0,0.418,0.42,-6.444,84.094,pop,True
62.0,0.688,0.841,-5.217,133.912,pop,False
79.0,0.656,0.627,-6.627,99.933,pop,True
66.0,0.261,0.302,-8.19,81.418,pop,False
79.0,0.681,0.372,-8.237,91.873,pop,True
73.0,0.477,0.682,-4.931,110.567,pop,False
75.0,0.741,0.52,-7.513,102.998,pop,False
64.0,0.309,0.783,-4.154,175.788,pop,False
58.0,0.357,0.774,-4.226,164.054,pop,False
57.0,0.514,0.83,-6.077,100.631,pop,False
73.0,0.538,0.804,-5.194,144.992,pop,False
61.0,0.588,0.749,-4.323,130.093,pop,False
88.0,0.445,0.537,-8.532,122.769,pop,True
58.0,0.751,0.901,-5.802,124.017,pop,False
62.0,0.631,0.664,-9.197,100.618,pop,False
63.0,0.639,0.976,-5.503,147.99,pop,False
65.0,0.645,0.984,-7.051,144.954,pop,False
45.0,0.783,0.726,-8.718,148.062,pop,False
77.0,0.635,0.841,-5.379,109.021,pop,True
76.0,0.498,0.59,-4.721,145.867,pop,True
78.0,0.704,0.558,-7.273,110.444,pop,True
75.0,0.794,0.711,-5.124,174.915,pop,False
75.0,0.621,0.82,-4.865,144.905,pop,False
85.0,0.726,0.698,-4.165,143.994,pop,True
74.0,0.576,0.835,-6.826,150.017,pop,False
78.0,0.874,0.692,-5.28,116.017,pop,True
83.0,0.612,0.28,-8.648,72.795,pop,True
78.0,0.818,0.803,-4.282,106.97,pop,True
74.0,0.704,0.859,-4.877,105.115,pop,False
67.0,0.86,0.907,-3.321,138.045,pop,False
79.0,0.553,0.586,-6.319,126.684,pop,True
72.0,0.806,0.608,-7.008,95.049,pop,False
69.0,0.818,0.67,-4.451,119.988,pop,False
71.0,0.581,0.0549,-20.514,152.037,pop,False
81.0,0.781,0.445,-6.061,78.998,pop,True
84.0,0.825,0.652,-3.183,95.977,pop,True
85.0,0.599,0.448,-6.312,95.05,pop,True
63.0,0.716,0.823,-5.313,151.957,pop,False
66.0,0.885,0.762,-5.513,138.058,pop,False
64.0,0.746,0.787,-6.373,95.005,pop,False
65.0,0.345,0.0581,-17.217,174.117,pop,False
65.0,0.878,0.724,-5.373,121.906,pop,False
73.0,0.699,0.76,-3.173,129.996,pop,False
73.0,0.706,0.841,-3.956,132.032,pop,False
49.0,0.524,0.878,-3.108,130.989,pop,False
72.0,0.791,0.754,-3.729,125.014,pop,False
69.0,0.719,0.798,-4.582,120.011,pop,False
72.0,0.638,0.832,-5.039,124.071,pop,False
65.0,0.62,0.869,-5.252,151.684,pop,False
74.0,0.649,0.815,-3.796,126.03,pop,False
73.0,0.678,0.918,-4.63,130.028,pop,False
72.0,0.687,0.792,-4.023,133.962,pop,False
65.0,0.514,0.683,-5.099,159.814,pop,False
60.0,0.69,0.636,-6.028,96.0,pop,False
0.0,0.555,0.729,-4.813,129.003,pop,False
73.0,0.554,0.772,-4.821,179.984,pop,False
74.0,0.647,0.585,-6.123,131.934,pop,False
69.0,0.562,0.8,-5.404,95.029,pop,False
51.0,0.589,0.893,-2.948,92.011,pop,False
1.0,0.869,0.485,-5.595,106.028,pop,False
62.0,0.541,0.787,-4.618,113.0,pop,False
68.0,0.632,0.639,-5.938,95.506,pop,False
54.0,0.719,0.861,-6.982,121.491,pop,False
53.0,0.661,0.847,-6.948,134.002,pop,False
0.0,0.738,0.875,-3.141,114.962,pop,False
1.0,0.777,0.896,-4.467,111.987,pop,False
1.0,0.773,0.747,-4.061,126.014,pop,False
0.0,0.685,0.709,-3.578,93.047,pop,False
69.0,0.654,0.623,-5.273,123.996,pop,False
61.0,0.739,0.999,-5.077,139.982,pop,False
55.0,0.641,0.445,-8.674,81.931,pop,False
71.0,0.651,0.695,-3.218,123.008,pop,False
79.0,0.504,0.785,-4.802,173.968,pop,True
0.0,0.586,0.613,-5.593,114.101,pop,False
64.0,0.594,0.749,-6.251,130.064,pop,False
66.0,0.799,0.783,-3.896,127.041,pop,False
54.0,0.668,0.772,-5.4,118.011,pop,False
75.0,0.675,0.479,-9.87,81.998,pop,False
67.0,0.432,0.261,-12.591,89.567,pop,False
68.0,0.72,0.668,-7.928,123.007,pop,False
0.0,0.575,0.821,-5.7,118.021,pop,False
0.0,0.698,0.844,-4.789,105.828,pop,False
46.0,0.626,0.906,-4.334,118.035,pop,False
82.0,0.856,0.609,-7.223,114.988,pop,True
79.0,0.601,0.794,-5.844,114.066,pop,True
46.0,0.443,0.683,-5.521,81.986,pop,False
0.0,0.692,0.911,-5.098,138.975,pop,False
79.0,0.652,0.698,-4.667,96.021,pop,True
0.0,0.63,0.91,-2.919,116.98,pop,False
77.0,0.53,0.422,-6.262,119.964,pop,True
78.0,0.613,0.622,-5.794,80.003,pop,True
37.0,0.42,0.742,-5.665,149.965,pop,False
59.0,0.492,0.859,-4.274,92.474,pop,False
65.0,0.529,0.948,-3.527,146.024,pop,False
74.0,0.516,0.764,-6.223,148.021,pop,False
72.0,0.634,0.69,-7.804,94.988,pop,False
62.0,0.663,0.705,-4.972,122.014,pop,False
59.0,0.719,0.935,-3.752,120.022,pop,False
70.0,0.552,0.689,-6.444,99.961,pop,False
64.0,0.401,0.872,-3.641,104.592,pop,False
1.0,0.286,0.508,-5.966,68.637,pop,False
1.0,0.5,0.498,-6.087,79.798,pop,False
72.0,0.558,0.719,-5.113,112.027,pop,False
78.0,0.824,0.588,-6.4,98.027,pop,True
57.0,0.438,0.672,-4.706,185.934,pop,False
46.0,0.703,0.736,-5.709,119.955,pop,False
51.0,0.632,0.972,-2.423,87.0,pop,False
73.0,0.671,0.88,-6.149,136.953,pop,False
55.0,0.822,0.922,-5.798,163.826,pop,False
79.0,0.728,0.563,-8.053,100.017,pop,True
62.0,0.696,0.517,-8.379,112.291,pop,False
0.0,0.774,0.626,-4.432,100.041,pop,False
72.0,0.845,0.561,-5.253,109.974,pop,False
67.0,0.856,0.632,-3.692,112.009,pop,False
64.0,0.755,0.769,-5.658,114.966,pop,False
64.0,0.634,0.886,-5.424,93.04,pop,False
59.0,0.574,0.691,-5.103,91.969,pop,False
74.0,0.6,0.688,-8.339,99.977,pop,False
53.0,0.7,0.72,-6.061,106.986,pop,False
35.0,0.368,0.426,-8.049,106.52,pop,False
75.0,0.376,0.695,-4.782,169.533,pop,False
53.0,0.18,0.636,-6.591,75.223,pop,False
66.0,0.373,0.686,-5.52,93.763,pop,False
72.0,0.572,0.81,-5.791,126.052,pop,False
67.0,0.536,0.486,-11.067,131.988,pop,False
0.0,0.499,0.676,-8.618,99.979,pop,False
80.0,0.641,0.559,-11.132,144.982,pop,True
66.0,0.833,0.515,-5.0,97.007,pop,False
62.0,0.598,0.4,-10.054,96.938,pop,False
69.0,0.546,0.787,-4.1,79.979,pop,False
58.0,0.616,0.789,-4.874,83.066,pop,False
69.0,0.672,0.593,-4.01,98.02,pop,False
64.0,0.757,0.884,-5.488,120.012,pop,False
0.0,0.6,0.676,-6.447,88.928,pop,False
64.0,0.616,0.789,-4.874,83.066,pop,False
69.0,0.708,0.618,-4.424,123.013,pop,False
78.0,0.724,0.804,-4.614,124.987,pop,True
78.0,0.746,0.754,-6.684,149.882,pop,True
73.0,0.687,0.761,-4.582,113.939,pop,False
82.0,0.444,0.819,-4.078,82.695,pop,True
0.0,0.857,0.8,-4.035,121.996,pop,False
0.0,0.561,0.674,-4.882,148.127,pop,False
78.0,0.759,0.548,-6.049,116.967,pop,True
74.0,0.617,0.741,-3.97,118.984,pop,False
55.0,0.687,0.771,-4.424,129.964,pop,False
65.0,0.529,0.67,-4.663,141.893,pop,False
59.0,0.622,0.469,-6.798,77.019,pop,False
76.0,0.622,0.469,-6.798,77.019,pop,True
68.0,0.661,0.729,-6.561,103.987,pop,False
54.0,0.646,0.794,-6.104,170.216,pop,False
61.0,0.588,0.791,-5.595,94.933,pop,False
79.0,0.647,0.8,-5.384,160.078,pop,True
82.0,0.76,0.703,-5.412,95.997,pop,True
70.0,0.654,0.655,-7.388,170.16,pop,False
78.0,0.553,0.664,-7.417,140.06,pop,True
77.0,0.588,0.791,-5.595,94.933,pop,True
76.0,0.766,0.709,-6.471,128.07,pop,True
73.0,0.613,0.764,-6.509,160.015,pop,False
78.0,0.552,0.702,-5.707,169.994,pop,True
75.0,0.5,0.292,-8.554,145.879,pop,False
65.0,0.645,0.878,-3.208,82.324,pop,False
0.0,0.687,0.702,-5.324,129.956,pop,False
74.0,0.472,0.714,-4.389,98.992,pop,False
73.0,0.66,0.805,-5.352,103.008,pop,False
79.0,0.628,0.593,-5.036,125.026,pop,True
0.0,0.648,0.738,-5.883,159.145,pop,False
0.0,0.677,0.604,-5.32,134.052,pop,False
3.0,0.623,0.734,-5.948,107.853,pop,False
77.0,0.699,0.713,-5.507,121.993,pop,True
78.0,0.602,0.658,-5.934,145.031,pop,True
83.0,0.778,0.317,-10.732,140.048,pop,True
76.0,0.726,0.554,-5.29,169.999,pop,True
77.0,0.4,0.795,-3.731,190.097,pop,True
58.0,0.578,0.581,-6.867,83.293,pop,False
66.0,0.747,0.706,-4.653,94.019,pop,False
65.0,0.783,0.649,-4.127,103.997,pop,False
78.0,0.585,0.776,-5.898,77.987,pop,True
75.0,0.487,0.9,-4.417,149.937,pop,False
70.0,0.457,0.406,-7.462,151.95,pop,False
61.0,0.348,0.907,-3.66,185.406,pop,False
58.0,0.523,0.795,-2.92,144.106,pop,False
68.0,0.414,0.936,-2.407,170.229,pop,False
75.0,0.56,0.959,-2.433,163.983,pop,False
68.0,0.457,0.719,-3.921,142.034,pop,False
74.0,0.578,0.926,-3.689,149.976,pop,False
0.0,0.483,0.871,-3.084,164.986,pop,False
74.0,0.599,0.785,-4.013,140.046,pop,False
54.0,0.542,0.589,-6.813,133.838,pop,False
54.0,0.581,0.747,-6.682,146.301,pop,False
73.0,0.884,0.765,-3.865,99.987,pop,False
75.0,0.803,0.585,-5.861,105.017,pop,False
62.0,0.689,0.791,-5.194,95.04,pop,False
0.0,0.61,0.863,-2.632,83.993,pop,False
67.0,0.747,0.904,-2.623,118.877,pop,False
71.0,0.691,0.853,-2.528,145.999,pop,False
81.0,0.728,0.859,-5.237,65.043,pop,True
63.0,0.717,0.55,-6.019,96.979,pop,False
67.0,0.571,0.873,-3.382,139.691,pop,False
73.0,0.602,0.843,-4.831,128.003,pop,False
77.0,0.845,0.567,-8.118,125.02,pop,True
80.0,0.654,0.76,-3.669,99.945,pop,True
0.0,0.609,0.378,-9.828,100.418,pop,False
0.0,0.744,0.739,-5.35,104.99,pop,False
84.0,0.501,0.405,-5.679,109.891,pop,True
82.0,0.726,0.787,-2.494,124.99,pop,True
0.0,0.658,0.837,-2.063,126.015,pop,False
66.0,0.489,0.867,-3.121,162.131,pop,False
76.0,0.652,0.877,-2.986,118.491,pop,True
79.0,0.536,0.768,-5.948,77.217,pop,True
83.0,0.672,0.52,-7.747,120.001,pop,True
81.0,0.6,0.663,-5.802,121.07,pop,True
79.0,0.73,0.703,-5.672,138.113,pop,True
77.0,0.647,0.823,-5.231,99.933,pop,True
69.0,0.863,0.471,-9.545,140.969,pop,False
54.0,0.581,0.607,-8.458,102.03,pop,False
40.0,0.583,0.643,-7.486,195.685,pop,False
56.0,0.505,0.799,-4.286,174.001,pop,False
77.0,0.751,0.834,-5.444,95.053,pop,True
58.0,0.633,0.922,-4.842,84.11,pop,False
65.0,0.765,0.791,-5.707,95.026,pop,False
69.0,0.847,0.843,-3.579,110.027,pop,False
61.0,0.682,0.894,-1.73,95.992,pop,False
58.0,0.534,0.543,-6.857,78.996,pop,False
59.0,0.804,0.836,-6.635,120.046,pop,False
81.0,0.774,0.838,-3.914,143.04,pop,True
53.0,0.749,0.938,-4.423,111.014,pop,False
63.0,0.398,0.284,-12.852,109.599,pop,False
79.0,0.788,0.844,-3.131,113.324,pop,True
61.0,0.712,0.911,-3.866,117.533,pop,False
76.0,0.724,0.695,-5.226,139.0,pop,True
64.0,0.769,0.638,-5.054,115.007,pop,False
74.0,0.791,0.733,-5.215,114.98,pop,False
69.0,0.717,0.587,-7.296,129.954,pop,False
66.0,0.696,0.546,-6.55,130.002,pop,False
65.0,0.693,0.705,-5.747,131.951,pop,False
0.0,0.63,0.816,-6.535,128.012,pop,False
1.0,0.768,0.517,-4.323,104.992,pop,False
74.0,0.637,0.713,-4.333,129.923,pop,False
65.0,0.74,0.498,-6.684,98.016,pop,False
0.0,0.652,0.783,-4.829,117.952,pop,False
62.0,0.637,0.929,-6.03,136.482,pop,False
68.0,0.667,0.954,-3.462,114.03,pop,False
71.0,0.795,0.496,-5.883,94.01,pop,False
79.0,0.842,0.734,-5.065,137.958,pop,True
72.0,0.807,0.887,-3.726,134.052,pop,False
70.0,0.775,0.825,-5.402,139.091,pop,False
69.0,0.557,0.803,-3.599,92.134,pop,False
43.0,0.729,0.632,-8.75,109.981,pop,False
63.0,0.177,0.425,-6.211,182.571,pop,False
57.0,0.67,0.866,-3.684,140.029,pop,False
68.0,0.63,0.625,-5.088,167.998,pop,False
70.0,0.575,0.786,-4.353,96.102,pop,False
63.0,0.437,0.589,-4.834,133.631,pop,False
62.0,0.423,0.94,-4.012,149.934,pop,False
64.0,0.44,0.976,-3.17,150.005,pop,False
72.0,0.715,0.872,-3.835,93.043,pop,False
60.0,0.597,0.115,-9.217,111.202,pop,False
72.0,0.349,0.348,-6.142,74.541,pop,False
70.0,0.421,0.407,-7.445,139.028,pop,False
59.0,0.439,0.489,-6.286,143.808,pop,False
67.0,0.57,0.664,-4.718,162.084,pop,False
1.0,0.617,0.728,-7.932,139.066,pop,False
64.0,0.74,0.876,-6.87,127.002,pop,False
78.0,0.656,0.291,-10.572,103.971,pop,True
47.0,0.64,0.59,-7.442,83.133,pop,False
62.0,0.853,0.811,-4.927,114.964,pop,False
76.0,0.892,0.714,-6.055,100.972,pop,True
73.0,0.624,0.654,-6.582,73.898,pop,False
78.0,0.967,0.583,-5.562,117.0,pop,True
72.0,0.771,0.68,-5.881,119.952,pop,False
70.0,0.687,0.723,-4.751,76.0,pop,False
66.0,0.606,0.591,-7.228,95.802,pop,False
57.0,0.859,0.681,-6.247,121.243,pop,False
78.0,0.574,0.512,-6.664,76.899,pop,True
67.0,0.795,0.596,-3.799,101.985,pop,False
76.0,0.666,0.83,-5.715,113.03,pop,True
61.0,0.599,0.47,-8.356,127.177,pop,False
64.0,0.829,0.915,-3.205,118.903,pop,False
68.0,0.76,0.801,-3.769,109.919,pop,False
68.0,0.64,0.889,-3.073,99.931,pop,False
61.0,0.859,0.658,-4.481,98.989,pop,False
67.0,0.435,0.92,-1.357,188.899,pop,False
63.0,0.862,0.742,-4.722,127.91,pop,False
66.0,0.686,0.789,-4.713,172.976,pop,False
46.0,0.836,0.762,-5.044,133.592,pop,False
56.0,0.838,0.764,-5.076,133.592,pop,False
58.0,0.688,0.538,-7.608,119.998,pop,False
74.0,0.494,0.951,-4.237,160.025,pop,False
69.0,0.596,0.854,-5.114,120.274,pop,False
1.0,0.505,0.428,-5.604,175.813,pop,False
2.0,0.706,0.8,-6.333,100.011,pop,False
62.0,0.726,0.881,-3.892,110.019,pop,False
0.0,0.821,0.676,-6.366,119.012,pop,False
74.0,0.545,0.932,-2.189,92.956,pop,False
0.0,0.673,0.637,-4.518,123.98,rock,False
56.0,0.743,0.894,-6.886,95.9,rock,False
77.0,0.451,0.931,-3.871,122.961,rock,True
81.0,0.705,0.712,-6.156,97.512,rock,True
75.0,0.668,0.921,-3.727,120.0,rock,False
75.0,0.602,0.905,-4.046,128.019,rock,False
71.0,0.616,0.656,-7.298,150.071,rock,False
2.0,0.617,0.778,-8.871,100.363,rock,False
65.0,0.463,0.836,-2.776,141.955,rock,False
64.0,0.525,0.742,-5.643,117.029,rock,False
77.0,0.38,0.988,-2.042,186.113,rock,True
72.0,0.49,0.679,-3.68,167.046,rock,False
73.0,0.268,0.742,-4.939,159.779,rock,False
73.0,0.391,0.808,-6.209,100.304,rock,False
60.0,0.588,0.694,-4.278,126.027,rock,False
63.0,0.562,0.865,-6.476,124.047,rock,False
74.0,0.489,0.649,-5.11,158.009,rock,False
76.0,0.459,0.895,-3.126,181.04,rock,True
0.0,0.66,0.698,-4.722,123.005,rock,False
74.0,0.622,0.961,-3.198,114.452,rock,False
76.0,0.459,0.891,-5.057,154.837,rock,True
68.0,0.435,0.887,-4.07,199.935,rock,False
71.0,0.558,0.924,-4.341,151.99,rock,False
80.0,0.393,0.858,-2.868,176.042,rock,True
58.0,0.49,0.956,-4.556,160.028,rock,False
63.0,0.395,0.979,-3.241,158.842,rock,False
67.0,0.451,0.939,-2.82,93.416,rock,False
80.0,0.542,0.905,-5.653,153.398,rock,True
68.0,0.511,0.815,-3.14,154.514,rock,False
71.0,0.535,0.948,-4.19,103.183,rock,False
72.0,0.348,0.875,-4.758,169.152,rock,False
67.0,0.42,0.974,-4.706,165.182,rock,False
84.0,0.691,0.631,-6.478,92.004,rock,True
84.0,0.548,0.532,-7.596,85.03,rock,True
56.0,0.525,0.578,-4.563,123.696,rock,False
77.0,0.277,0.663,-8.821,104.561,rock,True
61.0,0.412,0.944,-2.896,123.091,rock,False
77.0,0.448,0.784,-3.686,136.245,rock,True
81.0,0.505,0.71,-3.015,89.938,rock,True
1.0,0.6,0.81,-4.749,167.88,rock,False
80.0,0.672,0.655,-5.021,134.945,rock,True
1.0,0.779,0.787,-4.305,124.982,rock,False
80.0,0.704,0.611,-6.112,100.0,rock,True
83.0,0.734,0.637,-5.677,169.977,rock,True
80.0,0.732,0.396,-9.348,90.024,rock,True
80.0,0.645,0.713,-5.355,74.989,rock,True
76.0,0.217,0.905,-4.103,96.95,rock,True
80.0,0.463,0.857,-3.063,111.647,rock,True
70.0,0.566,0.815,-4.481,169.961,rock,False
80.0,0.579,0.904,-2.729,82.014,rock,True
78.0,0.458,0.795,-3.265,123.229,rock,True
80.0,0.618,0.938,-3.442,91.455,rock,True
73.0,0.451,0.97,-4.938,122.444,rock,False
76.0,0.556,0.913,-2.36,96.184,rock,True
79.0,0.427,0.9,-3.674,104.655,rock,True
65.0,0.683,0.734,-4.523,106.254,rock,False
74.0,0.179,0.912,-3.881,182.99,rock,False
71.0,0.746,0.7,-4.669,176.044,latin,False
72.0,0.754,0.805,-4.249,93.982,latin,False
69.0,0.722,0.738,-6.073,198.075,latin,False
0.0,0.622,0.942,-6.365,130.003,latin,False
76.0,0.786,0.808,-3.702,105.027,latin,True
75.0,0.807,0.803,-4.156,91.987,latin,False
53.0,0.548,0.701,-4.862,104.237,latin,False
77.0,0.817,0.539,-6.349,97.062,latin,True
81.0,0.61,0.624,-4.773,176.169,latin,True
51.0,0.736,0.719,-3.839,90.013,latin,False
74.0,0.594,0.749,-5.298,179.968,latin,False
76.0,0.903,0.675,-3.445,96.507,latin,True
11.0,0.857,0.801,-6.499,96.009,latin,False
71.0,0.783,0.84,-3.416,95.001,latin,False
79.0,0.737,0.86,-2.652,93.989,latin,True
68.0,0.6,0.796,-4.481,105.991,metal,False
79.0,0.331,0.943,-3.188,94.612,metal,True
72.0,0.19,0.265,-9.206,79.012,metal,False
65.0,0.45,0.883,-4.094,93.41,metal,False
72.0,0.425,0.852,-5.607,101.968,metal,False
73.0,0.603,0.933,-3.358,96.306,metal,False
70.0,0.595,0.489,-6.66,120.315,metal,False
83.0,0.64,0.74,-4.083,116.879,metal,True
66.0,0.427,0.843,-4.54,147.387,metal,False
67.0,0.862,0.583,-6.26,103.019,set(),False
46.0,0.679,0.922,-4.67,129.016,set(),False
64.0,0.828,0.653,-6.245,68.507,set(),False
57.0,0.863,0.527,-6.896,129.054,set(),False
57.0,0.625,0.699,-6.416,75.974,set(),False
80.0,0.773,0.758,-4.993,144.033,set(),True
71.0,0.625,0.85,-3.904,94.661,set(),False
57.0,0.736,0.81,-6.354,125.011,set(),False
43.0,0.762,0.754,-3.425,129.026,set(),False
51.0,0.853,0.911,-6.722,131.012,set(),False
65.0,0.657,0.941,-3.919,136.202,set(),False
74.0,0.495,0.894,-4.814,126.03,set(),False
66.0,0.607,0.923,-6.777,184.819,set(),False
56.0,0.733,0.744,-3.51,92.515,set(),False
73.0,0.885,0.581,-8.813,114.016,set(),False
40.0,0.661,0.746,-5.153,144.188,set(),False
17.0,0.847,0.861,-6.632,127.894,set(),False
58.0,0.764,0.487,-6.734,116.027,set(),False
42.0,0.561,0.452,-7.324,77.984,set(),False
57.0,0.805,0.754,-6.825,128.429,set(),False
57.0,0.807,0.887,-3.892,160.517,set(),False
66.0,0.83,0.52,-8.714,104.99,set(),False
67.0,0.68,0.87,-4.461,119.075,country,False
50.0,0.616,0.596,-5.035,137.077,country,False
53.0,0.678,0.739,-5.068,127.037,country,False
50.0,0.481,0.849,-5.131,205.57,country,False
56.0,0.576,0.726,-4.625,136.802,country,False
0.0,0.561,0.936,-5.409,103.055,country,False
69.0,0.537,0.674,-5.134,136.002,country,False
64.0,0.606,0.497,-6.611,130.739,country,False
57.0,0.457,0.948,-3.364,148.0,country,False
58.0,0.837,0.885,-3.914,95.313,hip hop,False
57.0,0.757,0.706,-6.665,96.976,hip hop,False
68.0,0.794,0.614,-5.352,80.569,hip hop,False
78.0,0.812,0.496,-5.969,109.979,hip hop,True
69.0,0.88,0.814,-6.307,138.083,hip hop,False
59.0,0.8,0.922,-5.125,98.631,hip hop,False
63.0,0.618,0.844,-4.051,84.411,hip hop,False
71.0,0.759,0.678,-5.148,89.64,hip hop,False
56.0,0.714,0.862,-5.531,92.849,hip hop,False
53.0,0.779,0.655,-7.147,163.971,hip hop,False
76.0,0.687,0.793,-4.254,107.045,hip hop,True
82.0,0.491,0.956,-1.538,173.585,hip hop,True
75.0,0.632,0.924,-1.802,86.844,hip hop,False
65.0,0.637,0.69,-3.214,140.329,hip hop,False
82.0,0.789,0.858,-5.542,140.022,hip hop,True
62.0,0.676,0.534,-6.901,145.082,hip hop,False
63.0,0.703,0.867,-4.292,128.008,hip hop,False
72.0,0.876,0.662,-6.482,75.445,hip hop,False
86.0,0.949,0.661,-4.244,104.504,hip hop,True
83.0,0.78,0.768,-4.325,80.063,hip hop,True
87.0,0.908,0.669,-2.827,112.238,hip hop,True
85.0,0.548,0.847,-3.237,171.447,hip hop,True
71.0,0.908,0.758,-4.753,148.015,hip hop,False
77.0,0.686,0.735,-4.616,171.355,hip hop,True
71.0,0.668,0.824,-4.164,163.961,hip hop,False
67.0,0.94,0.633,-3.56,121.003,hip hop,False
48.0,0.52,0.768,-3.489,79.178,hip hop,False
52.0,0.646,0.796,-6.152,83.093,hip hop,False
77.0,0.637,0.678,-3.798,84.039,hip hop,True
67.0,0.52,0.768,-3.489,79.178,hip hop,False
74.0,0.963,0.643,-5.785,107.005,hip hop,False
68.0,0.618,0.746,-5.476,75.272,hip hop,False
63.0,0.924,0.853,-1.203,114.003,hip hop,False
70.0,0.516,0.874,-2.571,169.561,hip hop,False
81.0,0.749,0.925,-5.034,86.989,hip hop,True
79.0,0.855,0.954,-1.19,114.635,hip hop,True
75.0,0.781,0.853,-3.68,110.049,hip hop,False
66.0,0.739,0.872,-4.059,95.084,hip hop,False
72.0,0.748,0.749,-5.916,90.09,hip hop,False
54.0,0.656,0.88,-5.425,85.565,hip hop,False
78.0,0.772,0.639,-7.119,168.112,hip hop,True
42.0,0.931,0.387,-9.127,125.978,hip hop,False
63.0,0.66,0.775,-4.926,157.036,hip hop,False
68.0,0.802,0.341,-8.56,166.01,hip hop,False
82.0,0.922,0.909,-2.429,95.295,hip hop,True
79.0,0.924,0.74,-1.299,133.974,hip hop,True
71.0,0.594,0.946,-4.521,155.826,hip hop,False
0.0,0.667,0.61,-7.054,99.991,hip hop,False
80.0,0.837,0.364,-11.713,123.984,hip hop,True
57.0,0.766,0.851,-4.831,115.012,hip hop,False
1.0,0.906,0.382,-12.89,104.025,hip hop,False
74.0,0.663,0.694,-8.627,167.953,hip hop,False
82.0,0.818,0.705,-6.679,138.559,hip hop,True
73.0,0.76,0.891,-5.852,120.264,hip hop,False
72.0,0.88,0.443,-6.359,138.018,hip hop,False
79.0,0.963,0.346,-9.309,119.957,hip hop,True
77.0,0.534,0.583,-8.672,105.997,hip hop,True
64.0,0.936,0.523,-6.71,119.889,hip hop,False
0.0,0.819,0.768,-8.522,139.982,hip hop,False
74.0,0.884,0.347,-8.227,75.016,hip hop,False
78.0,0.837,0.636,-7.643,145.972,hip hop,True
78.0,0.745,0.642,-6.257,179.974,hip hop,True
76.0,0.886,0.427,-10.028,108.034,hip hop,True
77.0,0.729,0.625,-5.266,146.034,hip hop,True
63.0,0.758,0.957,-2.281,111.121,hip hop,False
76.0,0.853,0.693,-6.87,95.967,hip hop,True
84.0,0.511,0.566,-7.23,83.903,hip hop,True
53.0,0.685,0.692,-5.122,159.966,hip hop,False
73.0,0.637,0.834,-4.686,87.312,hip hop,False
76.0,0.571,0.739,-6.11,83.089,hip hop,True
80.0,0.657,0.734,-4.832,91.03,hip hop,True
78.0,0.629,0.696,-5.572,93.034,hip hop,True
61.0,0.672,0.814,-3.768,97.043,hip hop,False
73.0,0.552,0.846,-4.912,98.56,hip hop,False
54.0,0.617,0.717,-7.858,103.992,hip hop,False
47.0,0.596,0.62,-6.133,80.029,hip hop,False
52.0,0.639,0.628,-7.578,90.482,hip hop,False
47.0,0.667,0.747,-7.059,86.917,hip hop,False
66.0,0.76,0.524,-7.67,119.603,hip hop,False
45.0,0.439,0.808,-6.881,82.962,hip hop,False
82.0,0.79,0.647,-5.983,87.999,hip hop,True
76.0,0.531,0.803,-3.284,142.113,hip hop,True
73.0,0.563,0.496,-9.381,139.993,hip hop,False
0.0,0.578,0.825,-6.107,130.089,hip hop,False
63.0,0.464,0.771,-4.503,158.777,hip hop,False
61.0,0.636,0.901,-7.094,162.994,hip hop,False
0.0,0.894,0.511,-4.768,120.08,hip hop,False
51.0,0.497,0.489,-7.724,171.853,hip hop,False
77.0,0.861,0.603,-5.788,98.043,hip hop,True
81.0,0.63,0.804,-4.183,123.146,hip hop,True
83.0,0.585,0.52,-6.136,159.801,hip hop,True
80.0,0.68,0.578,-5.804,145.038,hip hop,True
77.0,0.75,0.56,-8.094,140.06,hip hop,True
79.0,0.755,0.522,-4.368,89.96,hip hop,True
79.0,0.829,0.539,-7.359,99.96,hip hop,True
1.0,0.58,0.653,-3.818,150.231,hip hop,False
85.0,0.695,0.762,-3.497,120.042,hip hop,True
49.0,0.649,0.713,-6.488,101.129,hip hop,False
67.0,0.677,0.682,-6.879,106.279,hip hop,False
81.0,0.732,0.75,-6.366,155.096,hip hop,True
59.0,0.753,0.88,-4.689,115.057,hip hop,False
67.0,0.783,0.916,-3.344,95.321,hip hop,False
83.0,0.872,0.391,-9.144,134.021,hip hop,True
82.0,0.921,0.537,-5.723,128.009,hip hop,True
82.0,0.74,0.613,-4.88,75.023,hip hop,True
79.0,0.669,0.308,-10.068,64.934,hip hop,True
77.0,0.791,0.582,-7.323,162.991,hip hop,True
63.0,0.716,0.485,-7.745,74.132,hip hop,False
67.0,0.487,0.729,-6.815,91.048,hip hop,False
0.0,0.906,0.625,-6.779,150.018,hip hop,False
0.0,0.636,0.517,-6.759,139.928,hip hop,False
80.0,0.698,0.633,-4.946,96.924,hip hop,True
80.0,0.8,0.585,-7.343,126.058,hip hop,True
0.0,0.681,0.463,-6.542,82.92,hip hop,False
61.0,0.531,0.581,-5.801,137.776,hip hop,False
1.0,0.493,0.849,-6.139,127.999,hip hop,False
80.0,0.554,0.498,-8.866,79.635,hip hop,True
68.0,0.833,0.628,-7.041,106.328,hip hop,False
0.0,0.839,0.81,-5.274,129.014,hip hop,False
73.0,0.791,0.587,-5.075,96.057,hip hop,False
75.0,0.581,0.662,-5.239,93.023,hip hop,False
56.0,0.721,0.723,-7.08,88.933,"pop, R&B",False
65.0,0.725,0.487,-5.959,136.086,"pop, R&B",False
57.0,0.767,0.759,-6.516,89.989,"pop, R&B",False
59.0,0.859,0.625,-4.234,102.072,"pop, R&B",False
59.0,0.772,0.688,-4.715,98.0,"pop, R&B",False
48.0,0.831,0.695,-6.491,132.817,"pop, R&B",False
1.0,0.614,0.47,-6.09,80.045,"pop, R&B",False
2.0,0.73,0.77,-5.114,104.948,"pop, R&B",False
2.0,0.603,0.67,-3.882,107.995,"pop, R&B",False
4.0,0.554,0.321,-8.251,135.047,"pop, R&B",False
74.0,0.346,0.552,-6.864,75.881,"pop, R&B",False
0.0,0.612,0.748,-5.014,120.052,"pop, R&B",False
1.0,0.471,0.431,-6.129,157.98,"pop, R&B",False
55.0,0.798,0.48,-5.564,108.241,"pop, R&B",False
56.0,0.755,0.381,-6.696,73.108,"pop, R&B",False
67.0,0.826,0.647,-6.306,102.017,"pop, R&B",False
61.0,0.8,0.496,-7.135,128.29,"pop, R&B",False
52.0,0.939,0.498,-10.94,113.053,"pop, R&B",False
59.0,0.964,0.595,-6.887,128.593,"pop, R&B",False
68.0,0.701,0.724,-5.751,132.035,"pop, R&B",False
56.0,0.697,0.629,-5.757,123.279,"pop, R&B",False
58.0,0.893,0.666,-5.089,107.011,"pop, R&B",False
64.0,0.577,0.576,-6.299,133.973,"pop, R&B",False
69.0,0.793,0.859,-3.774,129.911,"pop, R&B",False
55.0,0.859,0.622,-8.196,134.007,"pop, R&B",False
72.0,0.656,0.578,-8.97,94.514,"pop, R&B",False
51.0,0.44,0.517,-7.355,73.881,"pop, R&B",False
67.0,0.693,0.516,-6.446,94.02,"pop, R&B",False
75.0,0.452,0.574,-8.336,92.791,"pop, R&B",False
74.0,0.81,0.538,-5.784,109.97,"pop, R&B",False
71.0,0.668,0.673,-5.714,171.812,"pop, R&B",False
65.0,0.709,0.745,-6.437,126.027,"pop, R&B",False
64.0,0.731,0.644,-5.348,129.94,"pop, R&B",False
57.0,0.708,0.771,-6.99,128.013,"pop, R&B",False
69.0,0.658,0.677,-6.628,124.91,"pop, R&B",False
48.0,0.676,0.601,-4.905,119.94,"pop, R&B",False
73.0,0.803,0.454,-4.802,99.99,"pop, R&B",False
57.0,0.769,0.609,-5.894,90.951,"pop, R&B",False
76.0,0.708,0.641,-4.296,113.082,"pop, R&B",True
64.0,0.811,0.757,-6.447,130.993,"pop, R&B",False
63.0,0.906,0.584,-7.72,129.055,"pop, R&B",False
58.0,0.731,0.563,-4.046,184.009,"pop, R&B",False
55.0,0.649,0.536,-8.804,78.935,"pop, R&B",False
73.0,0.708,0.648,-5.626,143.955,"pop, R&B",False
70.0,0.442,0.585,-10.332,97.565,"pop, R&B",False
78.0,0.684,0.607,-8.127,81.001,"pop, R&B",True
64.0,0.618,0.552,-6.863,81.975,"pop, R&B",False
61.0,0.811,0.657,-6.197,199.958,"pop, R&B",False
71.0,0.599,0.887,-3.967,170.918,"pop, R&B",False
72.0,0.712,0.564,-6.527,95.95,"pop, R&B",False
76.0,0.646,0.77,-6.596,99.165,"pop, R&B",True
63.0,0.655,0.488,-9.17,91.025,"pop, R&B",False
63.0,0.735,0.466,-8.65,99.973,"pop, R&B",False
62.0,0.75,0.458,-9.092,83.61,"pop, R&B",False
70.0,0.447,0.694,-4.637,175.868,"pop, R&B",False
57.0,0.644,0.746,-4.941,105.253,"pop, R&B",False
45.0,0.7,0.887,-3.887,166.104,"pop, R&B",False
64.0,0.764,0.751,-3.74,91.977,"pop, R&B",False
66.0,0.632,0.518,-6.126,90.007,"pop, R&B",False
74.0,0.508,0.72,-5.908,79.983,"pop, R&B",False
48.0,0.694,0.825,-5.986,121.949,"pop, R&B",False
67.0,0.426,0.584,-5.293,193.437,"pop, R&B",False
69.0,0.545,0.649,-4.062,99.099,"pop, R&B",False
70.0,0.589,0.621,-6.902,140.03,"pop, R&B",False
69.0,0.747,0.705,-5.137,136.024,"pop, R&B",False
67.0,0.775,0.598,-7.274,129.988,"pop, R&B",False
67.0,0.87,0.712,-6.313,121.057,"pop, R&B",False
55.0,0.336,0.664,-5.68,186.394,"pop, R&B",False
69.0,0.332,0.635,-5.653,186.249,"pop, R&B",False
60.0,0.558,0.481,-9.487,144.673,"pop, R&B",False
69.0,0.51,0.48,-6.567,182.862,"pop, R&B",False
35.0,0.599,0.624,-3.631,90.034,"pop, R&B",False
59.0,0.74,0.845,-3.802,126.607,"pop, R&B",False
45.0,0.517,0.919,-3.451,91.868,"pop, R&B",False
57.0,0.785,0.933,-4.629,125.011,"pop, R&B",False
58.0,0.586,0.705,-4.904,98.014,"pop, R&B",False
64.0,0.962,0.66,-5.096,126.016,"pop, R&B",False
66.0,0.584,0.699,-6.065,82.499,"pop, R&B",False
76.0,0.659,0.381,-5.922,119.844,"pop, R&B",True
84.0,0.585,0.564,-7.063,113.003,"pop, R&B",True
0.0,0.48,0.682,-4.94,167.939,"pop, R&B",False
79.0,0.705,0.769,-5.526,107.949,"pop, R&B",True
0.0,0.681,0.594,-7.028,186.054,"pop, R&B",False
78.0,0.773,0.819,-5.946,92.987,"pop, R&B",True
69.0,0.735,0.677,-4.979,100.584,"pop, R&B",False
80.0,0.461,0.593,-4.954,134.17,"pop, R&B",True
52.0,0.652,0.41,-8.323,75.09,"pop, R&B",False
55.0,0.663,0.465,-9.711,127.932,"pop, R&B",False
61.0,0.264,0.663,-8.264,167.078,"pop, R&B",False
50.0,0.727,0.736,-6.203,85.098,"pop, R&B",False
77.0,0.644,0.549,-5.415,90.04,"pop, R&B",True
71.0,0.484,0.368,-7.784,92.923,"pop, R&B",False
52.0,0.736,0.666,-4.929,89.824,"pop, R&B",False
57.0,0.774,0.653,-5.158,120.01,"pop, R&B",False
55.0,0.622,0.882,-5.59,77.506,"pop, R&B",False
84.0,0.422,0.264,-7.064,119.93,"pop, R&B",True
30.0,0.68,0.644,-4.507,116.097,"pop, R&B",False
41.0,0.661,0.584,-5.09,159.873,"pop, R&B",False
57.0,0.588,0.877,-4.78,155.165,"pop, R&B",False
67.0,0.666,0.87,-5.004,160.014,"pop, R&B",False
57.0,0.261,0.562,-3.667,70.543,"pop, R&B",False
75.0,0.638,0.656,-5.886,104.036,"pop, R&B",False
62.0,0.285,0.462,-6.166,142.365,"pop, R&B",False
67.0,0.584,0.7,-4.251,163.953,"pop, R&B",False
58.0,0.701,0.677,-6.591,99.271,"pop, R&B",False
0.0,0.379,0.799,-4.031,120.892,"pop, R&B",False
66.0,0.376,0.822,-3.974,120.493,"pop, R&B",False
76.0,0.319,0.739,-5.74,194.169,"pop, R&B",True
48.0,0.638,0.54,-6.849,143.772,"pop, R&B",False
71.0,0.667,0.773,-4.983,89.976,"pop, R&B",False
63.0,0.854,0.543,-6.166,103.032,"pop, R&B",False
57.0,0.664,0.396,-9.131,102.053,"pop, R&B",False
65.0,0.63,0.44,-7.186,98.082,"pop, R&B",False
60.0,0.676,0.948,-2.557,136.027,"pop, R&B",False
68.0,0.856,0.754,-2.728,98.018,"pop, R&B",False
69.0,0.926,0.916,-2.221,110.007,"pop, R&B",False
59.0,0.709,0.721,-3.52,112.019,"pop, R&B",False
71.0,0.756,0.77,-3.502,119.961,"pop, R&B",False
59.0,0.348,0.532,-5.882,129.297,"pop, R&B",False
0.0,0.471,0.514,-5.599,117.338,"pop, R&B",False
42.0,0.721,0.79,-4.125,103.141,"pop, R&B",False
69.0,0.84,0.476,-7.918,139.987,"pop, R&B",False
0.0,0.8,0.633,-4.875,95.953,"pop, R&B",False
0.0,0.7,0.529,-6.816,143.555,"pop, R&B",False
0.0,0.715,0.665,-7.736,78.502,"pop, R&B",False
66.0,0.742,0.468,-5.557,86.443,"pop, R&B",False
55.0,0.861,0.504,-7.707,120.0,"pop, R&B",False
66.0,0.739,0.947,-1.916,88.009,"pop, R&B",False
47.0,0.771,0.796,-3.081,99.316,"pop, R&B",False
65.0,0.753,0.934,-3.011,113.525,"pop, R&B",False
56.0,0.766,0.692,-4.672,102.028,"pop, R&B",False
54.0,0.566,0.766,-5.036,168.005,"pop, R&B",False
57.0,0.613,0.634,-3.472,144.953,"pop, R&B",False
76.0,0.911,0.551,-3.75,92.887,"pop, R&B",True
61.0,0.653,0.837,-6.818,97.914,"pop, R&B",False
32.0,0.412,0.667,-6.997,68.942,"pop, R&B",False
69.0,0.726,0.7,-5.881,146.559,"pop, R&B",False
64.0,0.344,0.874,-3.161,185.888,"pop, R&B",False
64.0,0.923,0.795,-3.61,123.021,"pop, R&B",False
49.0,0.85,0.674,-7.981,115.005,"pop, R&B",False
64.0,0.559,0.688,-6.496,79.753,"pop, R&B",False
49.0,0.474,0.71,-4.606,78.969,"pop, R&B",False
70.0,0.57,0.717,-4.914,111.91,"pop, R&B",False
64.0,0.537,0.611,-6.427,105.955,"pop, R&B",False
47.0,0.656,0.615,-6.359,175.943,"pop, R&B",False
59.0,0.548,0.889,-4.682,90.048,"pop, R&B",False
71.0,0.587,0.583,-5.284,139.92,"pop, R&B",False
71.0,0.662,0.739,-5.354,130.999,"pop, R&B",False
56.0,0.209,0.872,-2.996,78.139,"pop, R&B",False
68.0,0.526,0.882,-4.006,144.982,"pop, R&B",False
74.0,0.562,0.939,-4.282,116.044,"pop, R&B",False
75.0,0.713,0.678,-3.525,138.009,"pop, R&B",False
70.0,0.771,0.685,-4.639,88.997,"pop, R&B",False
65.0,0.73,0.602,-3.782,97.954,"pop, R&B",False
70.0,0.514,0.911,-2.027,161.109,"pop, R&B",False
64.0,0.84,0.835,-4.386,103.376,"pop, R&B",False
61.0,0.814,0.899,-5.958,119.011,"pop, R&B",False
63.0,0.878,0.417,-6.799,77.49,"pop, R&B",False
58.0,0.605,0.584,-7.043,125.802,"pop, R&B",False
55.0,0.567,0.747,-6.019,89.036,"pop, R&B",False
43.0,0.657,0.965,-2.771,93.013,"pop, R&B",False
57.0,0.553,0.756,-4.583,94.487,"pop, R&B",False
64.0,0.854,0.673,-3.132,95.0,"pop, R&B",False
0.0,0.569,0.385,-9.919,99.738,"pop, R&B",False
58.0,0.412,0.77,-6.057,101.955,"pop, R&B",False
56.0,0.697,0.925,-4.209,96.951,"pop, R&B",False
72.0,0.875,0.631,-3.475,120.003,"pop, R&B",False
67.0,0.548,0.554,-6.408,79.918,"pop, R&B",False
68.0,0.565,0.817,-4.338,210.851,"pop, R&B",False
57.0,0.938,0.735,-6.382,103.7,"pop, R&B",False
72.0,0.671,0.685,-5.762,118.449,"pop, R&B",False
64.0,0.756,0.612,-4.371,111.572,"pop, R&B",False
1.0,0.447,0.848,-6.175,172.247,"pop, rock",False
61.0,0.67,0.829,-7.2,125.01,"pop, rock",False
74.0,0.679,0.715,-6.383,127.435,"pop, rock",False
65.0,0.73,0.758,-4.888,120.041,"pop, rock",False
72.0,0.517,0.906,-3.677,172.977,"pop, rock",False
79.0,0.602,0.923,-3.763,136.01,"pop, rock",True
2.0,0.825,0.435,-9.582,119.038,"pop, rock",False
78.0,0.421,0.873,-4.343,84.786,"pop, rock",True
74.0,0.49,0.885,-4.121,166.996,"pop, rock",False
56.0,0.747,0.641,-4.502,100.028,"pop, rock",False
67.0,0.618,0.955,-3.836,150.034,"pop, rock",False
59.0,0.655,0.791,-8.923,118.981,"pop, rock",False
58.0,0.541,0.899,-6.261,106.676,"pop, rock",False
60.0,0.555,0.496,-6.136,79.01,"pop, rock",False
54.0,0.518,0.83,-6.814,95.468,"pop, rock",False
63.0,0.256,0.788,-5.263,80.718,"pop, rock",False
68.0,0.708,0.772,-4.264,103.035,"pop, rock",False
48.0,0.469,0.316,-8.106,77.967,"pop, rock",False
64.0,0.654,0.515,-12.185,106.191,"pop, rock",False
33.0,0.607,0.874,-5.409,130.015,"pop, rock",False
58.0,0.666,0.922,-4.458,118.014,"pop, rock",False
68.0,0.715,0.791,-6.63,116.043,"pop, rock",False
56.0,0.338,0.685,-5.178,102.192,"pop, rock",False
52.0,0.458,0.905,-4.157,176.667,"pop, rock",False
64.0,0.636,0.836,-3.004,139.956,"pop, rock",False
66.0,0.76,0.886,-5.356,123.002,"pop, rock",False
76.0,0.378,0.638,-5.576,184.086,"rock, pop",True
62.0,0.586,0.659,-7.92,111.989,"rock, pop",False
0.0,0.373,0.858,-6.536,120.063,"rock, pop",False
68.0,0.33,0.905,-5.047,163.142,"rock, pop",False
79.0,0.577,0.749,-7.215,130.97,"rock, pop",True
72.0,0.424,0.588,-5.455,144.636,"rock, pop",False
69.0,0.514,0.898,-6.765,123.067,"rock, pop",False
80.0,0.486,0.617,-7.115,138.015,"rock, pop",True
63.0,0.33,0.58,-7.875,76.093,"rock, pop",False
82.0,0.449,0.585,-6.761,139.631,"rock, pop",True
69.0,0.425,0.732,-6.883,117.98,"rock, pop",False
66.0,0.42,0.69,-6.221,85.014,"rock, pop",False
80.0,0.545,0.675,-6.474,124.97,"rock, pop",True
82.0,0.491,0.693,-6.487,90.027,"rock, pop",True
76.0,0.638,0.924,-3.887,111.995,"rock, pop",True
27.0,0.729,0.731,-4.822,138.202,"rock, pop",False
26.0,0.771,0.665,-3.954,115.142,"rock, pop",False
24.0,0.705,0.872,-3.557,93.63,"rock, pop",False
60.0,0.612,0.735,-5.074,126.326,"rock, pop",False
78.0,0.512,0.662,-6.797,180.114,"rock, pop",True
77.0,0.56,0.872,-4.269,126.05,"rock, pop",True
80.0,0.484,0.731,-6.694,101.654,"rock, pop",True
79.0,0.434,0.897,-4.918,148.726,"rock, pop",True
64.0,0.482,0.829,-5.576,147.99,"rock, pop",False
67.0,0.447,0.568,-4.975,90.933,"rock, pop",False
59.0,0.616,0.855,-3.495,124.191,"rock, pop",False
61.0,0.397,0.903,-4.577,151.551,"rock, pop",False
70.0,0.586,0.624,-5.946,68.976,"rock, pop",False
78.0,0.815,0.518,-6.594,151.891,"rock, pop",True
68.0,0.55,0.804,-5.218,79.166,"rock, pop",False
69.0,0.506,0.93,-3.499,146.994,"rock, pop",False
50.0,0.669,0.873,-4.315,88.029,"rock, pop",False
78.0,0.643,0.849,-5.428,162.152,"rock, pop",True
61.0,0.703,0.868,-4.661,121.03,"rock, pop",False
82.0,0.733,0.71,-5.849,127.975,"rock, pop",True
89.0,0.612,0.807,-2.81,124.053,"rock, pop",True
85.0,0.588,0.521,-9.461,85.012,"rock, pop",True
53.0,0.344,0.921,-3.049,126.766,"rock, pop",False
65.0,0.469,0.955,-4.253,143.853,"rock, pop",False
0.0,0.623,0.909,-3.079,93.984,"pop, latin",False
1.0,0.777,0.779,-4.449,94.023,"pop, latin",False
70.0,0.795,0.783,-4.271,92.01,"pop, latin",False
70.0,0.751,0.731,-4.419,97.007,"pop, latin",False
78.0,0.699,0.529,-7.548,119.987,"pop, latin",True
69.0,0.791,0.745,-3.695,94.014,"pop, latin",False
74.0,0.794,0.832,-4.862,107.657,"pop, latin",False
64.0,0.616,0.597,-5.328,165.508,"pop, latin",False
72.0,0.74,0.783,-5.367,100.011,"pop, latin",False
82.0,0.778,0.824,-5.892,100.024,"pop, latin",True
68.0,0.865,0.69,-7.448,121.983,"pop, latin",False
0.0,0.66,0.786,-4.757,177.833,"pop, latin",False
62.0,0.733,0.892,-3.641,95.989,"pop, latin",False
74.0,0.826,0.773,-4.218,126.899,"pop, latin",False
56.0,0.578,0.894,-5.42,165.98,"pop, latin",False
60.0,0.63,0.95,-4.012,143.866,"pop, latin",False
52.0,0.635,0.854,-5.02,100.851,"pop, latin",False
65.0,0.792,0.895,-3.112,94.968,"pop, latin",False
74.0,0.814,0.813,-3.023,79.997,"pop, latin",False
54.0,0.683,0.866,-5.436,121.996,"pop, latin",False
56.0,0.776,0.844,-5.305,125.972,"pop, latin",False
37.0,0.762,0.885,-5.096,117.021,"pop, latin",False
45.0,0.753,0.759,-4.829,114.999,"pop, latin",False
63.0,0.648,0.942,-2.881,129.007,"pop, latin",False
63.0,0.648,0.89,-3.982,125.953,"pop, latin",False
66.0,0.718,0.792,-3.519,90.949,"pop, latin",False
68.0,0.716,0.908,-3.254,91.03,"pop, latin",False
70.0,0.688,0.822,-3.304,91.011,"pop, latin",False
56.0,0.486,0.765,-4.23,141.933,"rock, blues",False
3.0,0.741,0.469,-7.627,123.904,"rock, blues",False
72.0,0.492,0.896,-5.819,184.981,"rock, metal",False
69.0,0.563,0.86,-7.533,97.867,"rock, metal",False
64.0,0.509,0.774,-4.054,116.529,"rock, metal",False
73.0,0.611,0.95,-3.509,132.078,"rock, metal",False
78.0,0.551,0.913,-4.063,119.992,"rock, metal",True
67.0,0.46,0.796,-4.501,100.011,"rock, metal",False
75.0,0.614,0.568,-5.477,107.849,"rock, metal",False
71.0,0.736,0.811,-4.17,103.502,"rock, metal",False
78.0,0.446,0.764,-5.042,172.094,"rock, metal",True
68.0,0.455,0.858,-5.659,163.118,"rock, metal",False
67.0,0.515,0.876,-3.756,145.916,"rock, metal",False
65.0,0.441,0.815,-4.088,164.007,"rock, metal",False
70.0,0.518,0.797,-5.153,132.918,"rock, metal",False
69.0,0.616,0.91,-3.004,144.072,"rock, metal",False
66.0,0.485,0.911,-5.749,89.956,"rock, metal",False
62.0,0.536,0.89,-5.222,115.998,"rock, metal",False
65.0,0.446,0.9,-3.541,187.961,"rock, metal",False
60.0,0.455,0.929,-3.295,89.782,"rock, metal",False
83.0,0.556,0.864,-5.87,105.143,"rock, metal",True
72.0,0.554,0.978,-3.554,135.095,"rock, metal",False
81.0,0.496,0.863,-4.153,110.018,"rock, metal",True
68.0,0.579,0.849,-5.218,100.021,"rock, metal",False
77.0,0.623,0.93,-5.285,120.119,"rock, metal",True
73.0,0.529,0.967,-3.647,140.127,"rock, metal",False
68.0,0.493,0.808,-3.365,117.971,"rock, metal",False
73.0,0.585,0.972,-4.45,110.006,"rock, metal",False
69.0,0.512,0.864,-4.146,138.018,"rock, metal",False
76.0,0.366,0.94,-5.119,130.198,"rock, metal",True
78.0,0.433,0.959,-4.04,172.984,"rock, metal",True
73.0,0.644,0.939,-3.486,106.031,"rock, metal",False
75.0,0.653,0.964,-4.261,126.928,"rock, metal",False
68.0,0.62,0.93,-3.685,106.22,"rock, metal",False
60.0,0.622,0.876,-7.779,142.017,"rock, metal",False
70.0,0.58,0.748,-5.433,109.781,"rock, metal",False
64.0,0.432,0.936,-4.537,157.469,"rock, metal",False
72.0,0.498,0.83,-5.157,89.342,"rock, metal",False
54.0,0.724,0.416,-8.964,151.181,"hip hop, R&B",False
63.0,0.496,0.819,-5.656,100.215,"hip hop, R&B",False
74.0,0.855,0.587,-4.589,111.97,"hip hop, R&B",False
79.0,0.662,0.714,-5.68,147.997,"hip hop, pop",True
68.0,0.745,0.346,-7.709,203.911,"hip hop, pop",False
63.0,0.891,0.439,-7.994,77.499,"hip hop, pop",False
